pos	count	A	C	G	T	N	mean_qual	median_qual	adapter_hits
1	83671606	16733	61998	41574	83548196	3105	36.21	37	0
2	83671606	6632702	41917636	25624915	9450497	45856	36.38	37	0
3	83671606	12111888	21098742	21129638	29331140	198	36.42	37	0
4	83671606	13597737	31173956	19519103	19380805	5	36.49	37	0
5	83671606	21475040	23178051	21630167	17388294	54	36.45	37	0
6	83671606	23744608	16580218	21783644	21563124	12	36.43	37	0
7	83671606	25114720	17661093	19701155	21194630	8	36.41	37	0
8	83671606	18200546	14695826	15778355	34996879	0	36.39	37	0
9	83671606	17664420	20429482	17934078	27642994	632	36.42	37	0
10	83671606	17216754	19189672	17615872	29649308	0	36.43	37	0
11	83671606	29294521	14793660	18508411	21074983	31	36.40	37	0
12	83671606	21938557	20715154	22571814	18446022	59	36.39	37	0
13	83671606	19096995	20229830	20765815	23578964	2	36.41	37	0
14	83671606	20686728	19176657	19747742	24060479	0	36.41	37	0
15	83671606	21395015	18876931	19548034	23851626	0	36.40	37	0
16	83671606	20984916	19513913	20105180	23067597	0	36.39	37	0
17	83671606	20844129	19586043	20505410	22736024	0	36.41	37	0
18	83671605	21224202	19484157	20313860	22649386	0	36.40	37	0
19	83671604	21073141	19920316	20096526	22581621	0	36.40	37	0
20	83671602	21121534	19860977	20491829	22197262	0	36.40	37	0
21	83671600	21345514	19433925	20406305	22485856	0	36.40	37	0
22	83671596	21011845	19840130	20168316	22651305	0	36.38	37	0
23	83671595	21168716	19715548	20416873	22370458	0	36.38	37	0
24	83671592	21331117	19369502	20367659	22603314	0	36.37	37	0
25	83671586	21194234	19812428	20189500	22475424	0	36.34	37	0
26	83671585	21214287	19984386	20329000	22143912	0	36.33	37	0
27	83671584	21513701	19450995	20191401	22515487	0	36.33	37	0
28	83671574	21218650	19940647	20113798	22398415	64	36.33	37	0
29	83671567	21321324	19980543	20356032	22013668	0	36.32	37	0
30	83671559	21257906	19567261	20464881	22381508	3	36.31	37	0
31	83671550	21035319	19983479	20372200	22280550	2	36.31	37	0
32	83671061	21238724	20188373	20320937	21923027	0	36.31	37	0
33	83670571	21267532	19706979	20243460	22433177	19423	36.28	37	0
34	83670119	21194159	20028044	20215930	22231865	121	36.26	37	0
35	83669593	21035057	20109339	20693681	21831501	15	36.28	37	0
36	83669001	21294828	19629811	20556501	22187841	20	36.28	37	0
37	83668447	21209594	19966694	20558095	21933828	236	36.28	37	0
38	83667798	21138542	19998796	20717488	21812156	816	36.26	37	0
39	83667084	21274545	19677730	20582570	22132231	8	36.25	37	0
40	83666290	21056292	20072838	20453608	22083551	1	36.26	37	0
41	83665373	20956078	20220636	20653392	21835267	0	36.25	37	0
42	83664368	21249338	19706126	20573841	22135061	2	36.24	37	0
43	83663155	20946311	20189434	20385605	22141804	1	36.25	37	0
44	83661754	20919182	20225013	20650511	21867044	4	36.24	37	0
45	83660261	21236573	19799504	20368635	22255549	0	36.21	37	0
46	83658512	20879419	20101945	20432103	22245045	0	36.24	37	0
47	83656533	21076932	20194198	20604960	21780443	0	36.22	37	0
48	83654293	21205912	19725626	20525062	22197689	4	36.21	37	0
49	83651831	20908565	20098645	20463017	22181604	0	36.20	37	0
50	83649006	21079421	20231546	20572424	21765615	0	36.20	37	0
51	83645790	21232996	19847100	20466313	22099381	0	36.20	37	0
52	83642177	20853654	20343843	20384108	22060572	0	36.20	37	0
53	83637974	20971447	20245682	20718518	21702327	0	36.19	37	0
54	83633288	21206411	19790502	20580763	22055612	0	36.19	37	0
55	83628122	20960518	20214329	20501227	21952047	1	36.17	37	0
56	83622446	20949032	20363528	20645405	21664480	1	36.18	37	0
57	83616127	21083383	19859342	20416529	22256873	0	36.17	37	0
58	83608961	20822765	20464329	20207462	22113818	587	36.14	37	0
59	83601190	20978287	20374585	20323038	21925275	5	36.13	37	0
60	83592379	21140475	19864487	20392107	22195249	61	36.13	37	0
61	83582284	20989770	20151543	20346228	22094338	405	36.12	37	0
62	83570949	20818233	20269482	20659524	21823690	20	36.12	37	0
63	83558351	21103024	20005366	20380706	22066917	2338	36.09	37	0
64	83543962	20846039	20201769	20308764	22187359	31	36.10	37	0
65	83528526	20853782	20247899	20523901	21902944	0	36.12	37	0
66	83511246	21147868	19738535	20602602	22022226	15	36.07	37	0
67	83491724	20783314	20217450	20384619	22099607	6734	36.10	37	0
68	83470151	20946250	20126969	20580783	21770316	45833	36.08	37	0
69	83446540	21004500	19766869	20595747	22079422	2	36.06	37	0
70	83420134	20794078	20210729	20374158	22041169	0	36.07	37	0
71	83391440	20763495	20163328	20719462	21730955	14200	36.06	37	0
72	83359647	21026507	19878016	20563157	21891928	39	36.06	37	0
73	83323706	20846789	20057616	20533652	21885649	0	36.06	37	0
74	83284238	20952216	20068978	20709665	21553343	36	36.05	37	0
75	83240536	21048116	19783928	20630913	21777488	91	36.04	37	0
76	83191428	20859168	20049207	20456094	21826959	0	36.04	37	0
77	83138273	20910288	20144055	20496957	21564585	22388	35.99	37	0
78	83079322	21172802	19613032	20459662	21833826	0	36.01	37	0
79	83015094	20827186	20100336	20418369	21669169	34	36.00	37	0
80	82945138	20687573	20108449	20600539	21548577	0	36.00	37	0
81	82868247	20793102	19803684	20566790	21704668	3	35.97	37	0
82	82783239	20629700	20012484	20314464	21826585	6	35.99	37	0
83	82690570	20552944	20101373	20591918	21444335	0	36.00	37	1
84	82589005	20823368	19682416	20396765	21686456	0	35.97	37	0
85	82476839	20582294	19988848	20247955	21577659	80083	35.91	37	1
86	82354411	20656371	20011421	20434715	21251882	22	35.94	37	4
87	82220292	20850894	19476776	20192392	21700211	19	35.97	37	4
88	82072733	20572523	19842997	20065932	21590713	568	35.91	37	4
89	81915284	20523409	19931803	20209005	21251067	0	35.92	37	4
90	81746777	20824548	19522010	20030918	21369301	0	35.95	37	3
91	81564696	20451021	19809295	20028807	21275573	0	35.94	37	18
92	81368692	20423774	19885728	20113782	20945408	0	35.95	37	17
93	81158956	20483628	19391052	20025067	21259209	0	35.95	37	22
94	80930220	20265908	19621101	19784012	21259199	0	35.94	37	20
95	80686849	20270668	19643450	20013663	20759068	0	35.93	37	32
96	80425638	20457607	19104838	19941439	20921754	0	35.89	37	30
97	80143592	20161109	19327240	19772545	20882698	0	35.87	37	41
98	79841843	20124830	19368482	19840426	20508105	0	35.87	37	50
99	79522219	20239019	18924740	19550377	20808083	0	35.90	37	43
100	79180649	19800010	19223379	19428519	20728741	0	35.87	37	66
101	78824349	19784313	19097249	19628950	20313837	0	35.83	37	81
102	78450540	19992391	18672047	19447904	20336542	1656	35.81	37	97
103	78055015	19769622	18798658	19184800	20301914	21	35.76	37	108
104	77639646	19709472	18754061	19237000	19939113	0	35.76	37	98
105	77210147	19760986	18421211	19032012	19995938	0	35.79	37	136
106	76757156	19481637	18590120	18826322	19859077	0	35.80	37	129
107	76283884	19185112	18550969	18938166	19609637	0	35.80	37	143
108	75793135	19298143	17981380	18731594	19782018	0	35.77	37	169
109	75274771	18926151	18185201	18485058	19678361	0	35.74	37	243
110	74740063	18949683	18066022	18540281	19184077	0	35.76	37	369
111	74189956	18983646	17595158	18281602	19329550	0	35.78	37	425
112	73615998	18545841	17823065	18139306	19107786	0	35.71	37	641
113	73031875	18474050	17659393	18136874	18761558	0	35.71	37	748
114	72430343	18502063	17249692	17863307	18815107	174	35.66	37	893
115	71813694	18190571	17305040	17640979	18677104	0	35.69	37	927
116	71191718	18113110	17246646	17585049	18246913	0	35.73	37	1100
117	70558183	18175836	16800121	17340400	18241825	1	35.68	37	1202
118	69901391	17776074	16813197	17122423	18189697	0	35.72	37	1219
119	69235247	17571336	16780921	17211630	17671360	0	35.67	37	1280
120	68559346	17611712	16303162	16924938	17719534	0	35.65	37	1423
121	67870958	17284816	16310763	16717057	17558322	0	35.67	37	1514
122	67178767	17161575	16185693	16746570	17084929	0	35.64	37	1700
123	66483776	17200118	15734238	16357594	17191826	0	35.60	37	1880
124	65777044	16824177	15952538	16066645	16933684	0	35.62	37	2084
125	65076326	16698094	15774123	16075334	16528775	0	35.61	37	2141
126	64372839	16733258	15325418	15835421	16478742	0	35.59	37	2191
127	63656430	16298269	15422612	15506105	16429442	2	35.54	37	2261
128	62940807	16135420	15256648	15575912	15972827	0	35.55	37	2441
129	62219293	16012210	14832313	15348396	16025805	569	35.46	37	2428
130	61487123	15711772	14851107	15039383	15884860	1	35.49	37	2630
131	60759590	15553570	14713651	15025462	15466907	0	35.58	37	2694
132	60036567	15580286	14221944	14798100	15436237	0	35.49	37	2828
133	59310766	15189589	14336515	14593958	15190704	0	35.53	37	2697
134	58591195	14963035	14216294	14472349	14939516	1	35.53	37	0
135	57877539	14866665	13855180	14231241	14924432	21	35.45	37	0
136	57163194	14630023	13899907	13866672	14766592	0	35.45	37	0
137	56454566	14380486	13894326	13907599	14272155	0	35.46	37	0
138	55750572	14339178	13419592	13633353	14358449	0	35.36	37	0
139	55035547	14116628	13336966	13421268	14160505	180	35.33	37	0
140	54323411	13892709	13289722	13319988	13820992	0	35.31	37	0
141	53614633	13783774	12854888	13174736	13801235	0	35.40	37	0
142	52902204	13529249	12823928	12948264	13600763	0	35.33	37	0
143	52206947	13332303	12724902	12873974	13275768	0	35.25	37	0
144	51515986	13279671	12393432	12614242	13228641	0	35.29	37	0
145	50833908	12907729	12395673	12358419	13172054	33	35.39	37	0
146	50164072	12830161	12229325	12416679	12687905	2	35.35	37	0
147	49467064	12796044	11855289	12177940	12637791	0	35.30	37	0
148	48808931	12566624	11932612	11891817	12417869	9	35.17	37	0
149	48156917	12355538	11705954	11913323	12182101	1	35.16	37	0
150	47510198	12243532	11411551	11731918	12123197	0	35.15	37	0
151	46856162	11957164	11339013	11479640	12080333	12	34.92	37	0
